"Tilda UID";Brand;SKU;Mark;Category;Title;Description;Text;Photo;Price;Quantity;"Price Old";Editions;Modifications;"External ID";"Parent UID";Weight;Length;Width;Height
382086298103;;;;Аксессуары;"Шапка бини «Джинс»";;;;3400.00;10;;;;Ay1IEnNqhcWnKn0ibjUs-2;;0;0;0;0
884644366793;;;;Аксессуары;"Стикерпак «Mashaa»";;;;600.00;10;;;;Lb6IFe1vjdLCCCYMyvh8e1;;0;0;0;0
504870282343;;;;Платья;"Платье «Сахара»";;;;14200.00;10;;;;dYl52YHuhq5bxeLcZ6t7w0;;0;0;0;0
925010431713;;;;Аксессуары;"Шапка бини «Милкшейк»";;;;3400.00;10;;;;QRxrGFffg7pYBkP-iufee3;;0;0;0;0
706757800503;;;;Аксессуары;"Шапка бини «Хвоя»";;;;3400.00;10;;;;-yuHVsgggLa-qAM0nuQN-1;;0;0;0;0
129881509923;;;;Аксессуары;"Шапка бини «Лайм»";;;;3400.00;10;;;;h-FGcSX-iP2yqWbu06BH00;;0;0;0;0
878134868063;;;;Рубашки;"Рубашка «Стамбул»";;;;9800.00;10;;;;xLSISTsbFa2st9GuxL7x;;0;0;0;0
595378922603;;;;Рубашки;"Рубашка «Тайга»";;;;11200.00;10;;;;bmVH1Y1aj1fY0Nf2n2Qv53;;0;0;0;0
161616953533;;;;Аксессуары;"Новогодний красный пакет «Mashaa»";;;;500.00;10;;;;Diwla2mKgzqiMmnIXvOhf2;;0;0;0;0
404992976993;;;;"Футболки и топы";"Майка с пуговицами «Топленое молоко»";;;;;;;;;tpMs0CrsiisBNzY6jxd3b1;;0;0;0;0
629808614253;;;;;"Майка с пуговицами «Топленое молоко» - M";;;;3800.00;10;;Размер:M;;4YMydqFgjOli8kQvDHWkK2;404992976993;0;0;0;0
299278636403;;;;;"Майка с пуговицами «Топленое молоко» - S";;;;3800.00;10;;Размер:S;;wGT3iFTvjW99vIg1CMLhK3;404992976993;0;0;0;0
117718869983;;;;;"Майка с пуговицами «Топленое молоко» - L";;;;3800.00;10;;Размер:L;;0GOnI9GkjlrMddW2WG1f00;404992976993;0;0;0;0
603016790983;;;;Аксессуары;"Шапка бини «Ирис»";;;;3400.00;10;;;;DFV1AucviFomsLVf7BK972;;0;0;0;0
883668393813;;;;Аксессуары;"Шапка ушанка «Корица»";;;;4200.00;10;;;;rYpftz-jiqhNiRMWc7e2d3;;0;0;0;0
402101974593;;;;Куртки;"Утеплённая куртка «Вестерн»";;;;16800.00;10;;;;ehOiG-IggmdfCyVzZysfs0;;0;0;0;0
665757813973;;;;Рубашки;"Рубашка «Трансильвания»";;;;11200.00;10;;;;6f7oBS35jeEXJgoslcPS42;;0;0;0;0
671690198933;;;;"Лонгсливы и свитшоты";"Лонгслив «Кампус»";;;;;;;;;QdemPQbmhBLzB2dI1Gs972;;0;0;0;0
723880064143;;;;;"Лонгслив «Кампус» - S/M";;;;8200.00;10;;Размер:S/M;;uG4U1aO9ijBXflnuAyIhb2;671690198933;0;0;0;0
802405544083;;;;;"Лонгслив «Кампус» - L/XL";;;;8200.00;10;;Размер:L/XL;;W7FUOx8ygUThETNnMFUHm0;671690198933;0;0;0;0
915551397843;;;;Рубашки;"Рубашка «Пальма»";;;;12800.00;10;;;;5by6nI-Jie5-cnVRVTnYt3;;0;0;0;0
550173927823;;;;Рубашки;"Рубашка «Лиссабон»";;;;11200.00;10;;;;nU3q2-dwhCIfH3gJm9L0-1;;0;0;0;0
667965938683;;;;Аксессуары;"Шапка ушанка «Розмарин»";;;;4200.00;10;;;;xLxvqYi2ggiqfCtTLWxW03;;0;0;0;0
201874693713;;;;Жилеты;"Джинсовая жилетка «Сафари»";;;;;;;;;xxlU6fheh286SYRC-XY2t1;;0;0;0;0
997685623543;;;;;"Джинсовая жилетка «Сафари» - S/M";;;;9600.00;10;;Размер:S/M;;kovH9or5jcG4MUw5YlHFl0;201874693713;0;0;0;0
246578149943;;;;;"Джинсовая жилетка «Сафари» - L/XL";;;;9600.00;10;;Размер:L/XL;;0IdN3wPwjgWkoDN2eIwwY1;201874693713;0;0;0;0
892363054233;;;;Рубашки;"Рубашка «Мадрид»";;;;11200.00;10;;;;uITrxoaYtZBDCsflnDch;;0;0;0;0
770952458283;;;;Рубашки;"Рубашка «Алтай»";;;;10800.00;10;;;;9cH6IVWbhwGoQZmdHEi3o2;;0;0;0;0
358416945773;;;;Аксессуары;"Плед «Бергамот»";;;;11500.00;10;;;;q9HRg3YbjiQOiSEU8l80y3;;0;0;0;0
161833475433;;;;Аксессуары;"Платок «Хаки»";;;;800.00;10;;;;ZyOTvqF8iNTkQaxNaZ4uY0;;0;0;0;0
843894520163;;;;Аксессуары;"Шапка бини «Кусто»";;;;3400.00;10;;;;MVCFXPwBi5006Fz-oz-S32;;0;0;0;0
475940385193;;;;Куртки;"Утеплённая куртка «Винтаж»";;;;16800.00;10;;;;NiXZdW04hw3xLctrTnbqf3;;0;0;0;0
989826553643;;;;Рубашки;"Рубашка «Нью-Йорк»";;;;12800.00;10;;;;dvL5ynZshWFsMgTJ7C9e93;;0;0;0;0
115420838273;;;;Аксессуары;"Шопер «Пудра»";;;;6400.00;10;;;;X2PXXYBNjg7IeAYYofoSC2;;0;0;0;0
186771032233;;;;Аксессуары;"Шапка «Янтарь»";;;;3900.00;10;;;;Z6KVuFPjiT6v0EzjaG4HL1;;0;0;0;0
946933913813;;;;Аксессуары;"Шапка «Миндаль»";;;;3900.00;10;;;;UUa11WPeh1XsVmU5VkX4J1;;0;0;0;0
960258762623;;;;Аксессуары;"Бандана «Вестерн»";;;;1800.00;10;;;;6nSZwfRChlg9VfWbPz44q2;;0;0;0;0
460144861623;;;;Аксессуары;"Плед «Мелисса»";;;;11500.00;10;;;;kQm15QvUil8m9T1yzmHvE0;;0;0;0;0
745576625953;;;;Аксессуары;"Платок «Охра»";;;;800.00;10;;;;6ctZHAd1jIHkHnnwLEatI2;;0;0;0;0
852279822513;;;;Аксессуары;"Шопер «Марципан»";;;;5900.00;10;;;;u43HOwuTjsbkZ8um6RW6b3;;0;0;0;0
621191754403;;;;Платья;"Льняное платье «Севилья»";;;;;;;;;VcpfUbkIiGQ18E-MVvXH40;;0;0;0;0
324887769123;;;;;"Льняное платье «Севилья» - L/XL";;;;13800.00;10;;Размер:L/XL;;A6YOAiSSiP2d65oinuyyt2;621191754403;0;0;0;0
957287371873;;;;;"Льняное платье «Севилья» - S/M";;;;13800.00;10;;Размер:S/M;;dZbnsir9gyt7oBfKy06XE3;621191754403;0;0;0;0
998372985333;;;;Рубашки;"Рубашка «Кембридж»";;;;11200.00;10;;;;3hHGXzUOhFTv0BPVfYXz63;;0;0;0;0
649094291373;;;;Аксессуары;"Брендированный пакет «Mashaa»";;;;500.00;10;;;;KdGrrtqWiGFh260R7sTKS1;;0;0;0;0
237303360683;;;;Аксессуары;"Новогодний зеленый пакет «Mashaa»";;;;500.00;10;;;;3OQ5leajgVMkxQiEmlbVA3;;0;0;0;0
753389815483;;;;Рубашки;"Рубашка «Палермо»";;;;6200.00;10;;;;4IJOlkjZjpzWgSnHo8Fnw1;;0;0;0;0
199003376803;;;;Аксессуары;"Носки бежево-зеленые с орнаментом";;;;1400.00;10;;;;ZqFYe5gIidjzNSUworNmQ0;;0;0;0;0
464556095793;;;;Жилеты;"Джинсовая жилетка «Баттермилк»";;;;;;;;;boR6JqTkgSB1DmO4oPqi53;;0;0;0;0
425933277103;;;;;"Джинсовая жилетка «Баттермилк» - L/XL";;;;9600.00;10;;Размер:L/XL;;m1fQvTgZhkCS4qHrgbB142;464556095793;0;0;0;0
930664647833;;;;;"Джинсовая жилетка «Баттермилк» - S/M";;;;9600.00;10;;Размер:S/M;;cDIYbIBShGU27IvY3mXOS1;464556095793;0;0;0;0
333058556113;;;;"Лонгсливы и свитшоты";"Лонгслив «Овсянка»";;;;;;;;;R8Is0qIkhFHS-UaGxhkl93;;0;0;0;0
265556482473;;;;;"Лонгслив «Овсянка» - L/XL";;;;8400.00;10;;Размер:L/XL;;8P6HjqBHiXWCgaXKxd2g02;333058556113;0;0;0;0
723962043013;;;;;"Лонгслив «Овсянка» - S/M";;;;8400.00;10;;Размер:S/M;;Fo18LVZGhjRO69V3If78p3;333058556113;0;0;0;0
307805116453;;;;"Футболки и топы";"Майка «Кельвин» графит";;;;4200.00;10;;;;8r224mUKih4q8cD0ERalh2;;0;0;0;0
421482157543;;;;Аксессуары;"Бандана «Аризона»";;;;1800.00;10;;;;liIz0YKyjcqBspdnHU6d00;;0;0;0;0
334156553533;;;;Аксессуары;"Носки коричнево-голубые с орнаментом";;;;1400.00;10;;;;dcrT0UJhimdntBbQZapvH0;;0;0;0;0
469191675583;;;;Аксессуары;"Simple Test";;;;;;;;;XGHz5tXBdfycV3m7xV2r;;0;0;0;0
123943644493;;;;;"Simple Test - Onesize";;;;;3;;Размер:Onesize;;M8ZFywsrjqYPGLtnqremN0;469191675583;0;0;0;0
130093937593;;;;;"Simple Test - L";;;;;10;;Размер:L;;OPSU2UqRjtHssb8Bif3nK1;469191675583;0;0;0;0
455524591733;;;;;"Simple Test - M";;;;;10;;Размер:M;;UGG5hOWmgpPiNesuVLtEz0;469191675583;0;0;0;0
283835567813;;;;Аксессуары;"Косметичка «Бзз»";;;;;10;;;;ix3ClkCIgsKOOD08x0u0I1;;0;0;0;0
850413306433;;;;"Лонгсливы и свитшоты";"Лонгслив «Гринч»";;;;9200.00;10;;;;E6Og0-qGgACCeQYxcUijJ3;;0;0;0;0
635702322293;;;;"Лонгсливы и свитшоты";"Свитшот «Хартленд» маренго";;;;;;;;;u8O208Sugo3LI-fntBXIG2;;0;0;0;0
143890377013;;;;;"Свитшот «Хартленд» маренго - S/M";;;;14900.00;10;;Размер:S/M;;0VTNr1EVjWVrVkPw-vJC51;635702322293;0;0;0;0
347303226773;;;;;"Свитшот «Хартленд» маренго - XS/S";;;;14900.00;10;;Размер:XS/S;;1GieFxg3jSRTBo1ZfqabB0;635702322293;0;0;0;0
885541784633;;;;;"Свитшот «Хартленд» маренго - L/XL";;;;14900.00;10;;Размер:L/XL;;hXDphPRYg0qkgxpCst-pp0;635702322293;0;0;0;0
392702364823;;;;"Лонгсливы и свитшоты";"Свитшот «Хартленд» голубой";;;;;;;;;-VGVBLdRgu5-xC6Ebcw3M3;;0;0;0;0
429922448113;;;;;"Свитшот «Хартленд» голубой - L/XL";;;;13900.00;10;;Размер:L/XL;;Jf9eWFvuiYfwwPosgg5z92;392702364823;0;0;0;0
835847338693;;;;;"Свитшот «Хартленд» голубой - S/M";;;;13900.00;10;;Размер:S/M;;qXpzEGiBgvVp9--CLVg2Y2;392702364823;0;0;0;0
301179076643;;;;;"Свитшот «Хартленд» голубой - XS/S";;;;13900.00;10;;Размер:XS/S;;S0j0m9HwhulceCODq5q6Z1;392702364823;0;0;0;0
158005815893;;;;"Вязаный трикотаж";"Мягкий серый кардиган";;;;;10;;;;GMPIsNvFgbaplHMH5DWTA2;;0;0;0;0
346852399393;;;;"Вязаный трикотаж";"Джемпер «Кантри»";;;;;;;;;KOo8L8objVE5EmTnVtTQ33;;0;0;0;0
830233853583;;;;;"Джемпер «Кантри» - S/M";;;;12600.00;10;;Размер:S/M;;w4JGSwewjofJ6zcrgzs-N0;346852399393;0;0;0;0
407290025873;;;;;"Джемпер «Кантри» - L/XL";;;;12600.00;10;;Размер:L/XL;;F5CYPHbojQzr8vg8DR6vH2;346852399393;0;0;0;0
652084474193;;;;Аксессуары;"Шопер «Пэчворк»";;;;8900.00;10;;;;Om9Q05vAg0iNSY1p1GjkQ0;;0;0;0;0
383172421123;;;;"Лонгсливы и свитшоты";"Лонгслив «Матча»";;;;9200.00;10;;;;1Z5hnX8SjHa0iwr1Xx60V1;;0;0;0;0
325692951913;;;;Аксессуары;"Шапка бини «Горчица»";;;;3400.00;10;;;;z4CCk7IZgr28vlApaxj7Z0;;0;0;0;0
317386119743;;;;Рубашки;"Рубашка «Грэндпа»";;;;11200.00;10;;;;YN0S9jOpjYvnMxhfwzcsr2;;0;0;0;0
389882008923;;;;Рубашки;"Рубашка «Женева»";;;;11800.00;10;;;;k1fBPcJRhnxfknB3r8M4i2;;0;0;0;0
536635320813;;;;Рубашки;"Рубашка «Тоскана»";;;;12800.00;10;;;;laXtHue6TktrziznnKVI;;0;0;0;0
527047804783;;;;Аксессуары;"Лимитированный стикерпак «Mashaa»";;;;600.00;10;;;;qEt4cCPUjBg-jdy1qoh2w0;;0;0;0;0
266599629093;;;;Рубашки;"Рубашка «Дублин»";;;;12200.00;10;;;;4Q8jhWg4gCl4wo-TPAeD90;;0;0;0;0
268107776443;;;;Рубашки;"Рубашка «Лондон»";;;;10800.00;10;;;;2MH6WgsbhHuO3qUL61Gvw0;;0;0;0;0
629669118093;;;;Рубашки;"Рубашка «Ванкувер»";;;;12200.00;10;;;;ssgq7j1Rj211RGO1KPosc1;;0;0;0;0
739387996133;;;;"Вязаный трикотаж";"Кардиган «Флора»";;;;16800.00;10;;;;Ou4CMeFHiu5-V69Q-UxJw3;;0;0;0;0
898806793243;;;;Аксессуары;"Косметичка «Пломбир»";;;;3200.00;10;;;;ToowROoNgMzesx54Vh3q03;;0;0;0;0
864034090863;;;;Платья;"Льняное платье «Нуар»";;;;;;;;;1JWO0wwEhGMnfp7BzTGiv0;;0;0;0;0
143944192423;;;;;"Льняное платье «Нуар» - S/M";;;;13800.00;10;;Размер:S/M;;Sfpr-QtTiSNWdJJLdgmDk0;864034090863;0;0;0;0
623373486043;;;;;"Льняное платье «Нуар» - L/XL";;;;13800.00;10;;Размер:L/XL;;A6eNhGqXgXetR9W2qIXYo3;864034090863;0;0;0;0
100283964453;;;;"Лонгсливы и свитшоты";"Лонгслив «Вафля»";;;;10200.00;10;;;;HV995pWcgiwOK9ekbcIz91;;0;0;0;0
266518160723;;;;Жилеты;"Джинсовая жилетка «Деним»";;;;;;;;;nQJZonnLiJ4uC5JQC82kg3;;0;0;0;0
315485766123;;;;;"Джинсовая жилетка «Деним» - L/XL";;;;9600.00;10;;Размер:L/XL;;ZmDDNxdPh2Q1IUJB-wa6U2;266518160723;0;0;0;0
264569202153;;;;;"Джинсовая жилетка «Деним» - S/M";;;;9600.00;10;;Размер:S/M;;nqD1PiiOgk3RIBCcwXf3f3;266518160723;0;0;0;0
402174298163;;;;Жилеты;"Джинсовая жилетка «Индиго»";;;;;;;;;oFyCISMBhuhVJKfsJbl-73;;0;0;0;0
888874415233;;;;;"Джинсовая жилетка «Индиго» - L/XL";;;;9600.00;10;;Размер:L/XL;;ATCCKRcLjh01cp1JtpBPB1;402174298163;0;0;0;0
495500313863;;;;;"Джинсовая жилетка «Индиго» - S/M";;;;9600.00;10;;Размер:S/M;;rXonhImjjWR8ss-nfXOFd2;402174298163;0;0;0;0
333927347753;;;;"Вязаный трикотаж";"Вязаный жилет «Перу»";;;;12400.00;10;;;;Gl-C0SSSj-Ft87vid5GNg2;;0;0;0;0
520402709253;;;;Рубашки;"Рубашка «Тбилиси»";;;;13200.00;10;;;;uXiI1iFmj1PRnGqoPxfb62;;0;0;0;0
784492299303;;;;"Лонгсливы и свитшоты";"Свитшот «Хартленд» терракотовый";;;;;;;;;zR6MIy0AOGdZs70sMvaF;;0;0;0;0
987748666673;;;;;"Свитшот «Хартленд» терракотовый - XS/S";;;;13900.00;10;;Размер:XS/S;;5DCJRYkjhQbPqVtt5FDEN1;784492299303;0;0;0;0
698175262093;;;;;"Свитшот «Хартленд» терракотовый - S/M";;;;13900.00;10;;Размер:S/M;;cw5rqP3CgN4uvbrdRGFdx3;784492299303;0;0;0;0
316265801413;;;;;"Свитшот «Хартленд» терракотовый - L/XL";;;;13900.00;10;;Размер:L/XL;;7uT6G7SzgwGC5E6-VQEtO3;784492299303;0;0;0;0
998799553923;;;;"Футболки и топы";"Майка «Кельвин» белая";;;;4200.00;10;;;;T33q8f-kg7JJr9Ac-LOJl2;;0;0;0;0
267596714713;;;;"Футболки и топы";"Майка «Кельвин» бежевая";;;;4200.00;10;;;;WK99QTnJi7Fu7xjg5qe0I1;;0;0;0;0
229331056473;;;;Рубашки;"Рубашка «Исландия»";;;;11200.00;10;;;;SOyBMYm8ic39JJyoxvTii2;;0;0;0;0
470441159173;;;;Рубашки;"Муслиновая рубашка «Веснушки»";;;;6200.00;10;;;;UZbCsw6dhGlwnaL7I3eeu0;;0;0;0;0
583942782043;;;;"Футболки и топы";"Футболка «Минивен»";;;;5800.00;10;;;;I2N481Zqjz23M46MdENh30;;0;0;0;0
277871977143;;;;"Юбки и шорты";"Юбка «Пикник»";;;;6500.00;10;;;;QS-lUgqdjoGSKt5T5fIAP2;;0;0;0;0
108534200813;;;;Штаны;"Комбинезон «Хвоя»";;;;;;;;;pRA1prxYhgGpDxnJ1HQlB1;;0;0;0;0
629065975413;;;;;"Комбинезон «Хвоя» - S/M";;;;16200.00;10;;Размер:S/M;;XthyhdoMjbRDEHkBO20O-1;108534200813;0;0;0;0
791194535903;;;;;"Комбинезон «Хвоя» - L/XL";;;;16200.00;10;;Размер:L/XL;;nwxbvIjoioy7p86ndrpnO1;108534200813;0;0;0;0
325920638693;;;;"Юбки и шорты";"Шорты «Хартленд» бежевые";;;;;;;;;A7Z-qTk7hLC6oReTqAhRN0;;0;0;0;0
705246496223;;;;;"Шорты «Хартленд» бежевые - L/XL";;;;5800.00;10;;Размер:L/XL;;TCE7fnW-hJEJIJvZhx6Ih2;325920638693;0;0;0;0
232951508553;;;;;"Шорты «Хартленд» бежевые - S/M";;;;5800.00;10;;Размер:S/M;;rcmdctYAjekXIrQqy9cAu0;325920638693;0;0;0;0
442361577293;;;;Штаны;"Штаны «Палермо»";;;;;;;;;eeJm82n-gFPksFxR-EUdA2;;0;0;0;0
684556748813;;;;;"Штаны «Палермо» - L/XL";;;;7200.00;10;;Размер:L/XL;;iH1Y9xTpj2s70PDZXuUjt0;442361577293;0;0;0;0
437507049433;;;;;"Штаны «Палермо» - S/M";;;;7200.00;10;;Размер:S/M;;AmrU4hrph9X8fX2Ln1ZDq1;442361577293;0;0;0;0
841008077653;;;;"Юбки и шорты";"Юбка «Шелковица»";;;;6500.00;10;;;;3at3YJCDgkuu-O3UUmtEB0;;0;0;0;0
585460165143;;;;Штаны;"Штаны «Латте»";;;;;;;;;6pz2au9Nik--9A0b0N83l0;;0;0;0;0
561447760813;;;;;"Штаны «Латте» - S/M";;;;12600.00;10;;Размер:S/M;;o1WqfroLieA9l2Wd41U-v3;585460165143;0;0;0;0
344465554073;;;;;"Штаны «Латте» - L/XL";;;;12600.00;10;;Размер:L/XL;;mHi3NV5mhGFYcCSBjhEwb0;585460165143;0;0;0;0
768586236193;;;;"Футболки и топы";"Футболка «Олдскул» серая";;;;;;;;;nbodk2-RhKBKzvNGYOlnd0;;0;0;0;0
563563982463;;;;;"Футболка «Олдскул» серая - Onesize +";;;;6200.00;10;;"Размер:Onesize +";;SzhkycDOjTaGpdXoS9uPV1;768586236193;0;0;0;0
196377261493;;;;;"Футболка «Олдскул» серая - Onesize";;;;6200.00;10;;Размер:Onesize;;b88x0dCihr2mEEeBUOPkS3;768586236193;0;0;0;0
884116967823;;;;"Футболки и топы";"Футболка «Олдскул» охра";;;;;;;;;fURZvL0pg3lZrah0PPRM-0;;0;0;0;0
609711755503;;;;;"Футболка «Олдскул» охра - Onesize +";;;;6200.00;10;;"Размер:Onesize +";;QAYB7Da5i0mxrQ084aV5J2;884116967823;0;0;0;0
301285040803;;;;;"Футболка «Олдскул» охра - Onesize";;;;6200.00;10;;Размер:Onesize;;I6KdI-I5gpv2GaXOWZFKg2;884116967823;0;0;0;0
911085242673;;;;"Футболки и топы";"Футболка «Кристмас»";;;;5800.00;10;;;;IbImz1GchTZZrCKyNl3SR3;;0;0;0;0
374519928943;;;;"Футболки и топы";"Топ «Мокко»";;;;;;;;;DmPFjA18hfh73v9ncqUU30;;0;0;0;0
283090853933;;;;;"Топ «Мокко» - M";;;;3400.00;10;;Размер:M;;TUoQLrqIjzyFjsrtUBifW3;374519928943;0;0;0;0
568338303643;;;;;"Топ «Мокко» - L";;;;3400.00;10;;Размер:L;;bGu2yUzVhgm7rQTKulhBZ2;374519928943;0;0;0;0
650295815823;;;;;"Топ «Мокко» - S";;;;3400.00;10;;Размер:S;;w3cbvzQlhUvia5K3W8Lbd3;374519928943;0;0;0;0
595549762733;;;;"Футболки и топы";"Футболка «Путь к себе» хаки";;;;4600.00;10;;;;NfizycfIFndgG6aJ891B;;0;0;0;0
104300925063;;;;"Юбки и шорты";"Юбка «Мускат»";;;;;;;;;868SUbUAj9z0ZZiNTHU7a3;;0;0;0;0
392648171203;;;;;"Юбка «Мускат» - S/M";;;;10200.00;10;;Размер:S/M;;yMus0Ri5g4aFmZMSBL7A81;104300925063;0;0;0;0
686851123573;;;;;"Юбка «Мускат» - L/XL";;;;10200.00;10;;Размер:L/XL;;yyg6FJgainFA8fJFMfcTu3;104300925063;0;0;0;0
355772972533;;;;Штаны;"Хлопковые штаны «Смоук»";;;;;;;;;2tTDs3tzip8c0KCYd2oau0;;0;0;0;0
230422096003;;;;;"Хлопковые штаны «Смоук» - L/XL";;;;6800.00;10;;Размер:L/XL;;1jSA5HSPj98rcZopG66PX2;355772972533;0;0;0;0
771253758133;;;;;"Хлопковые штаны «Смоук» - S/M";;;;6800.00;10;;Размер:S/M;;7TfM08UwiQnEkp8He690q0;355772972533;0;0;0;0
333297522293;;;;"Юбки и шорты";"Юбка муслиновая «Прованс»";;;;;;;;;6rqSbrkHgZMVYZfldrtI73;;0;0;0;0
134957573753;;;;;"Юбка муслиновая «Прованс» - L/XL";;;;6800.00;10;;Размер:L/XL;;MY9XHUNDhYHTHYdlIRVlT2;333297522293;0;0;0;0
924040281283;;;;;"Юбка муслиновая «Прованс» - S/M";;;;6800.00;10;;Размер:S/M;;2Iw93FZHhGtVb1sOlVyZe1;333297522293;0;0;0;0
672879342373;;;;"Юбки и шорты";"Шорты «Палермо»";;;;;;;;;WZtLgtAQixz5tqs77KpcH3;;0;0;0;0
117366812783;;;;;"Шорты «Палермо» - S/M";;;;5200.00;10;;Размер:S/M;;uwllePkqjJAkx1JtMufBe2;672879342373;0;0;0;0
773409900983;;;;;"Шорты «Палермо» - L/XL";;;;5200.00;10;;Размер:L/XL;;q77BSPIRisyIsKAKsIqNb1;672879342373;0;0;0;0
294877826983;;;;Штаны;"Комбинезон «Латте»";;;;;;;;;8oQgyFuEi3ZXkhC0kKSnz1;;0;0;0;0
320461180563;;;;;"Комбинезон «Латте» - S/M";;;;16200.00;10;;Размер:S/M;;rG-bbmmzj65KSPIPiuFJ02;294877826983;0;0;0;0
468858099173;;;;;"Комбинезон «Латте» - L/XL";;;;16200.00;10;;Размер:L/XL;;q0ouSPOLiLarXzBQ6ZxnC1;294877826983;0;0;0;0
831000095833;;;;Штаны;"Штаны «Кедр»";;;;;;;;;hPf9tfa1g6wFt9XARjvte3;;0;0;0;0
660045206193;;;;;"Штаны «Кедр» - L/XL";;;;12600.00;10;;Размер:L/XL;;rKaUcdhSgKdFqUJT-ly5y2;831000095833;0;0;0;0
276794540293;;;;;"Штаны «Кедр» - S/M";;;;12600.00;10;;Размер:S/M;;n8bshLpQjmh5K3Osy0R2c2;831000095833;0;0;0;0
618828460873;;;;Штаны;"Штаны фланелевые «Поттер»";;;;;;;;;U9hz-WdjjjRGGtTpgrTLM0;;0;0;0;0
888688317883;;;;;"Штаны фланелевые «Поттер» - L/XL";;;;6800.00;10;;Размер:L/XL;;p0QDQCzJigWc5wCkzH9Jn3;618828460873;0;0;0;0
348533871313;;;;;"Штаны фланелевые «Поттер» - S/M";;;;6800.00;10;;Размер:S/M;;zvNn2AHyjCtVe1FxmP3MV1;618828460873;0;0;0;0
152987476063;;;;"Юбки и шорты";"Шорты фланелевые «Поттер»";;;;;;;;;kWd9MKIjjON8XDYFoqD5f3;;0;0;0;0
392125438283;;;;;"Шорты фланелевые «Поттер» - S/M";;;;5600.00;10;;Размер:S/M;;8phnPUBQjLC40knSuqew73;152987476063;0;0;0;0
504209741403;;;;;"Шорты фланелевые «Поттер» - L/XL";;;;5600.00;10;;Размер:L/XL;;ygAMvpwggxTMhtPNLusdC1;152987476063;0;0;0;0
956813973063;;;;Штаны;"Хлопковые штаны «Брусника»";;;;;;;;;ww75ctitha5pY84wo1Ugx0;;0;0;0;0
688653680523;;;;;"Хлопковые штаны «Брусника» - S/M";;;;6800.00;10;;Размер:S/M;;FEMNJx7whtzWbeyRp567z0;956813973063;0;0;0;0
176634517823;;;;;"Хлопковые штаны «Брусника» - L/XL";;;;6800.00;10;;Размер:L/XL;;5mxlyCpFhSlAlooYNhCYN2;956813973063;0;0;0;0
455660839693;;;;Штаны;"Хлопковые штаны «Гвоздика»";;;;;;;;;GYi6yewbhULSFqi8BdfLu2;;0;0;0;0
289535177683;;;;;"Хлопковые штаны «Гвоздика» - S/M";;;;6800.00;10;;Размер:S/M;;0eSEAejKg9zIX1o2qnuqb0;455660839693;0;0;0;0
331028927793;;;;;"Хлопковые штаны «Гвоздика» - L/XL";;;;6800.00;10;;Размер:L/XL;;TLNFXZzbihD7NQpu2KAXE1;455660839693;0;0;0;0
135913868243;;;;Штаны;"Муслиновые штаны «Веснушки»";;"100% хлопок";;;;;;;fUW9tSN6jZMF1UV91hV3a0;;0;0;0;0
174915971273;;;;;"Муслиновые штаны «Веснушки» - S/M";;;;6800.00;10;;Размер:S/M;;U68c9aV7gUn3a8G60uV2l0;135913868243;0;0;0;0
998685366483;;;;;"Муслиновые штаны «Веснушки» - L/XL";;;;6800.00;10;;Размер:L/XL;;v2dKB9hmgaICLGX80pDfX3;135913868243;0;0;0;0
888570775953;;;;"Юбки и шорты";"Юбка «Шафран»";;;;;;;;;tRUoH1tJhqIRfeqOyDq2u1;;0;0;0;0
270785526753;;;;;"Юбка «Шафран» - L/XL";;;;10200.00;10;;Размер:L/XL;;w21z2JXEjfBSFd16AQQ8K3;888570775953;0;0;0;0
842567924353;;;;;"Юбка «Шафран» - S/M";;;;10200.00;10;;Размер:S/M;;v13lF123i2USVYrg3IId60;888570775953;0;0;0;0
102250389343;;;;Штаны;"Джоггеры «Хартленд» маренго";;;;;;;;;Kg5fFkkDjofcqyTkPubdJ1;;0;0;0;0
226286885163;;;;;"Джоггеры «Хартленд» маренго - L/XL";;;;11900.00;10;;Размер:L/XL;;LfjaTQHzjGd8ghieNlSYq2;102250389343;0;0;0;0
868529994923;;;;;"Джоггеры «Хартленд» маренго - XS/S";;;;11900.00;10;;Размер:XS/S;;eZYVvVmtgJg-nyskf9pai3;102250389343;0;0;0;0
513303977933;;;;;"Джоггеры «Хартленд» маренго - S/M";;;;11900.00;10;;Размер:S/M;;k-tw9kMsiqAvA9qvubTK-3;102250389343;0;0;0;0
269881461423;;;;"Футболки и топы";"Футболка «Путь к себе» бургунди";;;;4600.00;10;;;;SZvhB1AGjuMVF4LgvEVST3;;0;0;0;0
915929838253;;;;"Юбки и шорты";"Бермуды «Баттермилк»";;;;;;;;;LlObLh8hjrxTm33OUnt0e2;;0;0;0;0
826572161323;;;;;"Бермуды «Баттермилк» - L/XL";;;;6800.00;10;;Размер:L/XL;;NenuSsi6jVgdZQkZU6P3g1;915929838253;0;0;0;0
468276211933;;;;;"Бермуды «Баттермилк» - S/M";;;;6800.00;10;;Размер:S/M;;kX8jZhzvhsnhJ2A4xYxdm2;915929838253;0;0;0;0
583951034693;;;;"Юбки и шорты";"Бермуды «Сафари»";;;;;;;;;rANEgzbRiDegsjrzTilTQ2;;0;0;0;0
725021432973;;;;;"Бермуды «Сафари» - L/XL";;;;6800.00;10;;Размер:L/XL;;DqYm8Cu0jgfSDcmWy9xT72;583951034693;0;0;0;0
289542081493;;;;;"Бермуды «Сафари» - S/M";;;;6800.00;10;;Размер:S/M;;GE9AXJZ6i02Yx3jJRWLQw1;583951034693;0;0;0;0
204359879613;;;;"Футболки и топы";"Топ «Суфле»";;;;;;;;;0fn7476biXKd5th7B594C1;;0;0;0;0
466895724123;;;;;"Топ «Суфле» - M";;;;3200.00;10;;Размер:M;;B2J7ZQuQj4ucAhig0531w0;204359879613;0;0;0;0
560357172283;;;;;"Топ «Суфле» - L";;;;3200.00;10;;Размер:L;;KucXdffegoy0zVeAiMsea3;204359879613;0;0;0;0
990678245453;;;;;"Топ «Суфле» - S";;;;3200.00;10;;Размер:S;;iV1c--SFhMr6LbETCFhr-3;204359879613;0;0;0;0
594548534223;;;;"Футболки и топы";"Футболка «Солнце»";;;;6200.00;10;;;;QSFgrJQpjoujAE2SDtd1I3;;0;0;0;0
368053666093;;;;"Футболки и топы";"Футболка «Путь к себе» охра";;;;4600.00;10;;;;863983274147;;0;0;0;0
548962644753;;;;"Юбки и шорты";"Шорты «Хартленд» голубые";;;;;;;;;41z82LR5iaYDbcG6HDn9B3;;0;0;0;0
555521201163;;;;;"Шорты «Хартленд» голубые - L/XL";;;;5800.00;10;;Размер:L/XL;;oKGxcU00hvmRYctIGGSp20;548962644753;0;0;0;0
774348049973;;;;;"Шорты «Хартленд» голубые - S/M";;;;5800.00;10;;Размер:S/M;;Ew7ZmZl-h06O-PCAYhbLm0;548962644753;0;0;0;0
308776281783;;;;Штаны;"Джоггеры «Хартленд» терракотовые";;;;;;;;;hPsyNjRxMfZGkfVZYF79;;0;0;0;0
931739330133;;;;;"Джоггеры «Хартленд» терракотовые - L/XL";;;;11900.00;10;;Размер:L/XL;;LRWpXYYjhupzTyOYeLIlj0;308776281783;0;0;0;0
960435088733;;;;;"Джоггеры «Хартленд» терракотовые - XS/S";;;;11900.00;10;;Размер:XS/S;;RWpOPJMOg6EEaYTxtzOm83;308776281783;0;0;0;0
845058163983;;;;;"Джоггеры «Хартленд» терракотовые - S/M";;;;11900.00;10;;Размер:S/M;;i0dObVm4h2MYB6QMuVxUJ3;308776281783;0;0;0;0
836726109813;;;;Штаны;"Джоггеры «Хартленд» голубые";;;;;;;;;wDWWCLFOjxkr9np7Urufr0;;0;0;0;0
836391868703;;;;;"Джоггеры «Хартленд» голубые - L/XL";;;;11900.00;10;;Размер:L/XL;;Znhrktw7gGtcVPEER4-ip0;836726109813;0;0;0;0
928499420253;;;;;"Джоггеры «Хартленд» голубые - XS/S";;;;11900.00;10;;Размер:XS/S;;SQUHllKogOFOuK8jkM-ya2;836726109813;0;0;0;0
984478481283;;;;;"Джоггеры «Хартленд» голубые - S/M";;;;11900.00;10;;Размер:S/M;;RoqBFuBFiv6baay5eCHKb2;836726109813;0;0;0;0
740404477023;;;;Штаны;"Хлопковые штаны «Фунтик»";;;;;;;;;BiEjQaVAje1PDHFrG8qqB0;;0;0;0;0
504521793113;;;;;"Хлопковые штаны «Фунтик» - S/M";;;;8600.00;10;;Размер:S/M;;Zsq2lm4PiJ4soT0TzWpyy1;740404477023;0;0;0;0
908795220963;;;;;"Хлопковые штаны «Фунтик» - L/XL";;;;8600.00;10;;Размер:L/XL;;t35FLaAyiO9bAicrGha8d3;740404477023;0;0;0;0
305663839243;;;;"Футболки и топы";"Футболка «Вафля»";;;;;;;;;7Ww10oEliMHqhLxWlYebR0;;0;0;0;0
472021381563;;;;;"Футболка «Вафля» - S/M";;;;6800.00;10;;Размер:S/M;;CCIrOwKkiED53INPIhDxG2;305663839243;0;0;0;0
210398435573;;;;;"Футболка «Вафля» - L/XL";;;;6800.00;10;;Размер:L/XL;;YfsrqrRVin6bN46w5PwQQ0;305663839243;0;0;0;0
498807217523;;;;"Юбки и шорты";"Шорты «Кампус»";;;;;;;;;8D0SSoi2hG1vhy75UcgSB3;;0;0;0;0
747693768603;;;;;"Шорты «Кампус» - L/XL";;;;5800.00;10;;Размер:L/XL;;uQuUjMJPgQvxtXCrxEFXE0;498807217523;0;0;0;0
257667892113;;;;;"Шорты «Кампус» - S/M";;;;5800.00;10;;Размер:S/M;;o4nPm183gfRQIJvnf1-Ys0;498807217523;0;0;0;0
556269908123;;;;Штаны;"Джинсы «Монтана»";;;;12800.00;10;;;;zrQbCoVWjnJUyTn0OxIZR0;;0;0;0;0
